
[
  {
    "pms":"100",
    "hex":"#f6eb61"
  },
  {
    "pms":"101",
    "hex":"#f7ea48"
  },
  {
    "pms":"102",
    "hex":"#fce300"
  },
  {
    "pms":"103",
    "hex":"#c5a900"
  },
  {
    "pms":"104",
    "hex":"#af9800"
  },
  {
    "pms":"105",
    "hex":"#897a27"
  },
  {
    "pms":"7401",
    "hex":"#f5e1a4"
  },
  {
    "pms":"7402",
    "hex":"#ecd898"
  },
  {
    "pms":"7403",
    "hex":"#eed484"
  },
  {
    "pms":"7404",
    "hex":"#f4da40"
  },
  {
    "pms":"7405",
    "hex":"#f2cd00"
  },
  {
    "pms":"7406",
    "hex":"#f1c400"
  },
  {
    "pms":"7407",
    "hex":"#cba052"
  },
  {
    "pms":"106",
    "hex":"#f9e547"
  },
  {
    "pms":"107",
    "hex":"#fbe122"
  },
  {
    "pms":"108",
    "hex":"#fedb00"
  },
  {
    "pms":"109",
    "hex":"#ffd100"
  },
  {
    "pms":"110",
    "hex":"#daaa00"
  },
  {
    "pms":"111",
    "hex":"#aa8a00"
  },
  {
    "pms":"112",
    "hex":"#9c8412"
  },
  {
    "pms":"113",
    "hex":"#fae053"
  },
  {
    "pms":"114",
    "hex":"#fbdd40"
  },
  {
    "pms":"115",
    "hex":"#fdda24"
  },
  {
    "pms":"116",
    "hex":"#ffcd00"
  },
  {
    "pms":"117",
    "hex":"#c99700"
  },
  {
    "pms":"118",
    "hex":"#ac8400"
  },
  {
    "pms":"119",
    "hex":"#897322"
  },
  {
    "pms":"127",
    "hex":"#f3dd6d"
  },
  {
    "pms":"128",
    "hex":"#f3d54e"
  },
  {
    "pms":"129",
    "hex":"#f3d03e"
  },
  {
    "pms":"130",
    "hex":"#f2a900"
  },
  {
    "pms":"131",
    "hex":"#cc8a00"
  },
  {
    "pms":"132",
    "hex":"#a07400"
  },
  {
    "pms":"133",
    "hex":"#6c571b"
  },
  {
    "pms":"1205",
    "hex":"#f8e08e"
  },
  {
    "pms":"1215",
    "hex":"#fbd872"
  },
  {
    "pms":"1225",
    "hex":"#ffc845"
  },
  {
    "pms":"1235",
    "hex":"#ffb81c"
  },
  {
    "pms":"1245",
    "hex":"#c69214"
  },
  {
    "pms":"1255",
    "hex":"#ad841f"
  },
  {
    "pms":"1265",
    "hex":"#886b25"
  },
  {
    "pms":"120",
    "hex":"#fbdb65"
  },
  {
    "pms":"121",
    "hex":"#fdd757"
  },
  {
    "pms":"122",
    "hex":"#fed141"
  },
  {
    "pms":"123",
    "hex":"#ffc72c"
  },
  {
    "pms":"124",
    "hex":"#eaaa00"
  },
  {
    "pms":"125",
    "hex":"#b58500"
  },
  {
    "pms":"126",
    "hex":"#9a7611"
  },
  {
    "pms":"7548",
    "hex":"#ffc600"
  },
  {
    "pms":"7549",
    "hex":"#ffb500"
  },
  {
    "pms":"7550",
    "hex":"#d19000"
  },
  {
    "pms":"7551",
    "hex":"#b47e00"
  },
  {
    "pms":"7552",
    "hex":"#73531d"
  },
  {
    "pms":"7553",
    "hex":"#5a4522"
  },
  {
    "pms":"7554",
    "hex":"#4b3d2a"
  },
  {
    "pms":"7555",
    "hex":"#d29f13"
  },
  {
    "pms":"7556",
    "hex":"#b78b20"
  },
  {
    "pms":"7557",
    "hex":"#9f7d23"
  },
  {
    "pms":"7558",
    "hex":"#967126"
  },
  {
    "pms":"7559",
    "hex":"#8f6a2a"
  },
  {
    "pms":"7560",
    "hex":"#7d622e"
  },
  {
    "pms":"7561",
    "hex":"#6c5d34"
  },
  {
    "pms":"134",
    "hex":"#fdd26e"
  },
  {
    "pms":"135",
    "hex":"#ffc658"
  },
  {
    "pms":"136",
    "hex":"#ffbf3f"
  },
  {
    "pms":"137",
    "hex":"#ffa300"
  },
  {
    "pms":"138",
    "hex":"#de7c00"
  },
  {
    "pms":"139",
    "hex":"#af6d04"
  },
  {
    "pms":"140",
    "hex":"#74531c"
  },
  {
    "pms":"1345",
    "hex":"#fdd086"
  },
  {
    "pms":"1355",
    "hex":"#ffc56e"
  },
  {
    "pms":"1365",
    "hex":"#ffb549"
  },
  {
    "pms":"1375",
    "hex":"#ff9e1b"
  },
  {
    "pms":"1385",
    "hex":"#d57800"
  },
  {
    "pms":"1395",
    "hex":"#996017"
  },
  {
    "pms":"1405",
    "hex":"#6e4c1e"
  },
  {
    "pms":"141",
    "hex":"#f2c75c"
  },
  {
    "pms":"142",
    "hex":"#f1be48"
  },
  {
    "pms":"143",
    "hex":"#f1b434"
  },
  {
    "pms":"144",
    "hex":"#ed8b00"
  },
  {
    "pms":"145",
    "hex":"#cf7f00"
  },
  {
    "pms":"146",
    "hex":"#a76d11"
  },
  {
    "pms":"147",
    "hex":"#715c2a"
  },
  {
    "pms":"7408",
    "hex":"#f6be00"
  },
  {
    "pms":"7409",
    "hex":"#f0b323"
  },
  {
    "pms":"7410",
    "hex":"#fead77"
  },
  {
    "pms":"7411",
    "hex":"#e6a65d"
  },
  {
    "pms":"7412",
    "hex":"#d38235"
  },
  {
    "pms":"7413",
    "hex":"#dc8633"
  },
  {
    "pms":"7414",
    "hex":"#c16c18"
  },
  {
    "pms":"7562",
    "hex":"#bd9b60"
  },
  {
    "pms":"7563",
    "hex":"#d69a2d"
  },
  {
    "pms":"7564",
    "hex":"#db8a06"
  },
  {
    "pms":"7565",
    "hex":"#cd7925"
  },
  {
    "pms":"7566",
    "hex":"#ad6433"
  },
  {
    "pms":"7567",
    "hex":"#89532f"
  },
  {
    "pms":"7568",
    "hex":"#775135"
  },
  {
    "pms":"7569",
    "hex":"#d78825"
  },
  {
    "pms":"7570",
    "hex":"#d3832b"
  },
  {
    "pms":"7571",
    "hex":"#c67d30"
  },
  {
    "pms":"7572",
    "hex":"#b67233"
  },
  {
    "pms":"7573",
    "hex":"#a7662b"
  },
  {
    "pms":"7574",
    "hex":"#9e6a38"
  },
  {
    "pms":"7575",
    "hex":"#835d32"
  },
  {
    "pms":"712",
    "hex":"#fcc89b"
  },
  {
    "pms":"713",
    "hex":"#fdbe87"
  },
  {
    "pms":"714",
    "hex":"#fdaa63"
  },
  {
    "pms":"715",
    "hex":"#f68d2e"
  },
  {
    "pms":"716",
    "hex":"#ea7600"
  },
  {
    "pms":"717",
    "hex":"#d45d00"
  },
  {
    "pms":"718",
    "hex":"#be4d00"
  },
  {
    "pms":"148",
    "hex":"#fecb8b"
  },
  {
    "pms":"149",
    "hex":"#ffc27b"
  },
  {
    "pms":"150",
    "hex":"#ffb25b"
  },
  {
    "pms":"151",
    "hex":"#ff8200"
  },
  {
    "pms":"152",
    "hex":"#e57200"
  },
  {
    "pms":"153",
    "hex":"#be6a14"
  },
  {
    "pms":"154",
    "hex":"#9b5a1a"
  },
  {
    "pms":"155",
    "hex":"#efd19f"
  },
  {
    "pms":"156",
    "hex":"#efbe7d"
  },
  {
    "pms":"157",
    "hex":"#eca154"
  },
  {
    "pms":"158",
    "hex":"#e87722"
  },
  {
    "pms":"159",
    "hex":"#cb6015"
  },
  {
    "pms":"160",
    "hex":"#a1561c"
  },
  {
    "pms":"161",
    "hex":"#603d20"
  },
  {
    "pms":"1485",
    "hex":"#ffae62"
  },
  {
    "pms":"1495",
    "hex":"#ff8f1c"
  },
  {
    "pms":"1505",
    "hex":"#ff6900"
  },
  {
    "pms":"1525",
    "hex":"#b94700"
  },
  {
    "pms":"1535",
    "hex":"#94450b"
  },
  {
    "pms":"1545",
    "hex":"#653819"
  },
  {
    "pms":"1555",
    "hex":"#ffb990"
  },
  {
    "pms":"1565",
    "hex":"#ffa06a"
  },
  {
    "pms":"1575",
    "hex":"#ff7f32"
  },
  {
    "pms":"1585",
    "hex":"#ff6a13"
  },
  {
    "pms":"1595",
    "hex":"#d86018"
  },
  {
    "pms":"1605",
    "hex":"#a65523"
  },
  {
    "pms":"1615",
    "hex":"#8b4720"
  },
  {
    "pms":"162",
    "hex":"#ffbe9f"
  },
  {
    "pms":"163",
    "hex":"#ff9d6e"
  },
  {
    "pms":"164",
    "hex":"#ff7f41"
  },
  {
    "pms":"165",
    "hex":"#ff671f"
  },
  {
    "pms":"166",
    "hex":"#e35205"
  },
  {
    "pms":"167",
    "hex":"#be531c"
  },
  {
    "pms":"168",
    "hex":"#73381d"
  },
  {
    "pms":"7576",
    "hex":"#db864e"
  },
  {
    "pms":"7577",
    "hex":"#e07e3c"
  },
  {
    "pms":"7578",
    "hex":"#dc6b2f"
  },
  {
    "pms":"7579",
    "hex":"#dc582a"
  },
  {
    "pms":"7580",
    "hex":"#c05131"
  },
  {
    "pms":"7581",
    "hex":"#864a33"
  },
  {
    "pms":"7582",
    "hex":"#674736"
  },
  {
    "pms":"1625",
    "hex":"#ffa38b"
  },
  {
    "pms":"1635",
    "hex":"#ff8d6d"
  },
  {
    "pms":"1645",
    "hex":"#ff6a39"
  },
  {
    "pms":"1655",
    "hex":"#fc4c02"
  },
  {
    "pms":"1665",
    "hex":"#dc4405"
  },
  {
    "pms":"1675",
    "hex":"#a9431e"
  },
  {
    "pms":"1685",
    "hex":"#833921"
  },
  {
    "pms":"169",
    "hex":"#ffb3ab"
  },
  {
    "pms":"170",
    "hex":"#ff8674"
  },
  {
    "pms":"171",
    "hex":"#ff5c39"
  },
  {
    "pms":"172",
    "hex":"#fa4616"
  },
  {
    "pms":"173",
    "hex":"#cf4520"
  },
  {
    "pms":"174",
    "hex":"#963821"
  },
  {
    "pms":"175",
    "hex":"#6b3529"
  },
  {
    "pms":"7583",
    "hex":"#c4622d"
  },
  {
    "pms":"7584",
    "hex":"#ba5826"
  },
  {
    "pms":"7585",
    "hex":"#af5c37"
  },
  {
    "pms":"7586",
    "hex":"#9e5330"
  },
  {
    "pms":"7587",
    "hex":"#924c2e"
  },
  {
    "pms":"7588",
    "hex":"#7b4d35"
  },
  {
    "pms":"7589",
    "hex":"#5c4738"
  },
  {
    "pms":"7590",
    "hex":"#d4b59e"
  },
  {
    "pms":"7591",
    "hex":"#c07d59"
  },
  {
    "pms":"7592",
    "hex":"#b15533"
  },
  {
    "pms":"7593",
    "hex":"#9d432c"
  },
  {
    "pms":"7594",
    "hex":"#7c3a2d"
  },
  {
    "pms":"7595",
    "hex":"#6b3d2e"
  },
  {
    "pms":"7596",
    "hex":"#5c3d31"
  },
  {
    "pms":"7597",
    "hex":"#d14124"
  },
  {
    "pms":"7598",
    "hex":"#bd472a"
  },
  {
    "pms":"7599",
    "hex":"#b33d26"
  },
  {
    "pms":"7600",
    "hex":"#8d3f2b"
  },
  {
    "pms":"7601",
    "hex":"#83412c"
  },
  {
    "pms":"7602",
    "hex":"#7b4931"
  },
  {
    "pms":"7603",
    "hex":"#674230"
  },
  {
    "pms":"7604",
    "hex":"#e4d5d3"
  },
  {
    "pms":"7605",
    "hex":"#e1bbb4"
  },
  {
    "pms":"7606",
    "hex":"#d6938a"
  },
  {
    "pms":"7607",
    "hex":"#c26e60"
  },
  {
    "pms":"7608",
    "hex":"#a4493d"
  },
  {
    "pms":"7609",
    "hex":"#823b34"
  },
  {
    "pms":"7610",
    "hex":"#683431"
  },
  {
    "pms":"7611",
    "hex":"#ddbcb0"
  },
  {
    "pms":"7612",
    "hex":"#ca9a8e"
  },
  {
    "pms":"7613",
    "hex":"#bc8a7e"
  },
  {
    "pms":"7614",
    "hex":"#a37f74"
  },
  {
    "pms":"7615",
    "hex":"#866761"
  },
  {
    "pms":"7616",
    "hex":"#6b4c4c"
  },
  {
    "pms":"7617",
    "hex":"#583d3e"
  },
  {
    "pms":"7520",
    "hex":"#eabeb0"
  },
  {
    "pms":"7521",
    "hex":"#c09c83"
  },
  {
    "pms":"7522",
    "hex":"#b46a55"
  },
  {
    "pms":"7523",
    "hex":"#ab5c57"
  },
  {
    "pms":"7524",
    "hex":"#a45248"
  },
  {
    "pms":"7525",
    "hex":"#9a6a4f"
  },
  {
    "pms":"7526",
    "hex":"#8a391b"
  },
  {
    "pms":"489",
    "hex":"#ecc3b2"
  },
  {
    "pms":"488",
    "hex":"#ecbaa8"
  },
  {
    "pms":"487",
    "hex":"#eaa794"
  },
  {
    "pms":"486",
    "hex":"#e8927c"
  },
  {
    "pms":"485",
    "hex":"#da291c"
  },
  {
    "pms":"484",
    "hex":"#9a3324"
  },
  {
    "pms":"483",
    "hex":"#653024"
  },
  {
    "pms":"176",
    "hex":"#ffb1bb"
  },
  {
    "pms":"177",
    "hex":"#ff808b"
  },
  {
    "pms":"178",
    "hex":"#ff585d"
  },
  {
    "pms":"179",
    "hex":"#e03c31"
  },
  {
    "pms":"180",
    "hex":"#be3a34"
  },
  {
    "pms":"181",
    "hex":"#81312f"
  },
  {
    "pms":"1765",
    "hex":"#ffa3b5"
  },
  {
    "pms":"1775",
    "hex":"#ff8da1"
  },
  {
    "pms":"1785",
    "hex":"#f8485e"
  },
  {
    "pms":"1788",
    "hex":"#ee2737"
  },
  {
    "pms":"1795",
    "hex":"#d22630"
  },
  {
    "pms":"1805",
    "hex":"#af272f"
  },
  {
    "pms":"1815",
    "hex":"#7c2529"
  },
  {
    "pms":"1767",
    "hex":"#fcafc0"
  },
  {
    "pms":"1777",
    "hex":"#fb637e"
  },
  {
    "pms":"1787",
    "hex":"#f4364c"
  },
  {
    "pms":"1797",
    "hex":"#cb333b"
  },
  {
    "pms":"1807",
    "hex":"#a4343a"
  },
  {
    "pms":"1817",
    "hex":"#643335"
  },
  {
    "pms":"7618",
    "hex":"#c66e4e"
  },
  {
    "pms":"7619",
    "hex":"#c04c36"
  },
  {
    "pms":"7620",
    "hex":"#b7312c"
  },
  {
    "pms":"7621",
    "hex":"#ab2328"
  },
  {
    "pms":"7622",
    "hex":"#93272c"
  },
  {
    "pms":"7623",
    "hex":"#8a2a2b"
  },
  {
    "pms":"7624",
    "hex":"#802f2d"
  },
  {
    "pms":"7625",
    "hex":"#e1523d"
  },
  {
    "pms":"7626",
    "hex":"#c63527"
  },
  {
    "pms":"7627",
    "hex":"#a72b2a"
  },
  {
    "pms":"7628",
    "hex":"#9e2a2b"
  },
  {
    "pms":"7629",
    "hex":"#6d3332"
  },
  {
    "pms":"7630",
    "hex":"#633231"
  },
  {
    "pms":"7631",
    "hex":"#572d2d"
  },
  {
    "pms":"7415",
    "hex":"#e6baa8"
  },
  {
    "pms":"7416",
    "hex":"#e56a54"
  },
  {
    "pms":"7417",
    "hex":"#e04e39"
  },
  {
    "pms":"7418",
    "hex":"#cd545b"
  },
  {
    "pms":"7419",
    "hex":"#b04a5a"
  },
  {
    "pms":"7420",
    "hex":"#9b2242"
  },
  {
    "pms":"7421",
    "hex":"#651d32"
  },
  {
    "pms":"182",
    "hex":"#fabbcb"
  },
  {
    "pms":"183",
    "hex":"#fc9bb3"
  },
  {
    "pms":"184",
    "hex":"#f65275"
  },
  {
    "pms":"185",
    "hex":"#e4002b"
  },
  {
    "pms":"186",
    "hex":"#c8102e"
  },
  {
    "pms":"187",
    "hex":"#a6192e"
  },
  {
    "pms":"188",
    "hex":"#76232f"
  },
  {
    "pms":"196",
    "hex":"#ecc7cd"
  },
  {
    "pms":"197",
    "hex":"#e89cae"
  },
  {
    "pms":"198",
    "hex":"#df4661"
  },
  {
    "pms":"199",
    "hex":"#d50032"
  },
  {
    "pms":"200",
    "hex":"#ba0c2f"
  },
  {
    "pms":"201",
    "hex":"#9d2235"
  },
  {
    "pms":"202",
    "hex":"#862633"
  },
  {
    "pms":"189",
    "hex":"#f8a3bc"
  },
  {
    "pms":"190",
    "hex":"#f67599"
  },
  {
    "pms":"191",
    "hex":"#ef426f"
  },
  {
    "pms":"192",
    "hex":"#e40046"
  },
  {
    "pms":"193",
    "hex":"#bf0d3e"
  },
  {
    "pms":"194",
    "hex":"#9b2743"
  },
  {
    "pms":"195",
    "hex":"#782f40"
  },
  {
    "pms":"1895",
    "hex":"#f5b6cd"
  },
  {
    "pms":"1905",
    "hex":"#f59bbb"
  },
  {
    "pms":"1915",
    "hex":"#ef4a81"
  },
  {
    "pms":"1925",
    "hex":"#e0004d"
  },
  {
    "pms":"1935",
    "hex":"#c5003e"
  },
  {
    "pms":"1945",
    "hex":"#a6093d"
  },
  {
    "pms":"1955",
    "hex":"#8a1538"
  },
  {
    "pms":"705",
    "hex":"#f5dadf"
  },
  {
    "pms":"706",
    "hex":"#f7ced7"
  },
  {
    "pms":"707",
    "hex":"#f9b5c4"
  },
  {
    "pms":"708",
    "hex":"#f890a5"
  },
  {
    "pms":"709",
    "hex":"#ef6079"
  },
  {
    "pms":"710",
    "hex":"#e03e52"
  },
  {
    "pms":"711",
    "hex":"#cb2c30"
  },
  {
    "pms":"698",
    "hex":"#f2d4d7"
  },
  {
    "pms":"699",
    "hex":"#f4c3cc"
  },
  {
    "pms":"700",
    "hex":"#f2acb9"
  },
  {
    "pms":"701",
    "hex":"#e68699"
  },
  {
    "pms":"702",
    "hex":"#d25b73"
  },
  {
    "pms":"703",
    "hex":"#b83a4b"
  },
  {
    "pms":"704",
    "hex":"#9e2a2f"
  },
  {
    "pms":"203",
    "hex":"#ecb3cb"
  },
  {
    "pms":"204",
    "hex":"#e782a9"
  },
  {
    "pms":"205",
    "hex":"#e0457b"
  },
  {
    "pms":"206",
    "hex":"#ce0037"
  },
  {
    "pms":"207",
    "hex":"#a50034"
  },
  {
    "pms":"208",
    "hex":"#861f41"
  },
  {
    "pms":"209",
    "hex":"#6f263d"
  },
  {
    "pms":"210",
    "hex":"#f99fc9"
  },
  {
    "pms":"211",
    "hex":"#f57eb6"
  },
  {
    "pms":"212",
    "hex":"#f04e98"
  },
  {
    "pms":"213",
    "hex":"#e31c79"
  },
  {
    "pms":"214",
    "hex":"#ce0f69"
  },
  {
    "pms":"215",
    "hex":"#ac145a"
  },
  {
    "pms":"216",
    "hex":"#7d2248"
  },
  {
    "pms":"7422",
    "hex":"#f4cdd4"
  },
  {
    "pms":"7423",
    "hex":"#e06287"
  },
  {
    "pms":"7424",
    "hex":"#e24585"
  },
  {
    "pms":"7425",
    "hex":"#b52555"
  },
  {
    "pms":"7426",
    "hex":"#a4123f"
  },
  {
    "pms":"7427",
    "hex":"#971b2f"
  },
  {
    "pms":"7428",
    "hex":"#6a2c3e"
  },
  {
    "pms":"7632",
    "hex":"#d6c9ca"
  },
  {
    "pms":"7633",
    "hex":"#c4a4a7"
  },
  {
    "pms":"7634",
    "hex":"#c16784"
  },
  {
    "pms":"7635",
    "hex":"#c63663"
  },
  {
    "pms":"7636",
    "hex":"#bc204b"
  },
  {
    "pms":"7637",
    "hex":"#912f46"
  },
  {
    "pms":"7638",
    "hex":"#7e2d40"
  },
  {
    "pms":"217",
    "hex":"#eabedb"
  },
  {
    "pms":"218",
    "hex":"#e56db1"
  },
  {
    "pms":"219",
    "hex":"#da1884"
  },
  {
    "pms":"220",
    "hex":"#a50050"
  },
  {
    "pms":"221",
    "hex":"#910048"
  },
  {
    "pms":"222",
    "hex":"#6c1d45"
  },
  {
    "pms":"7639",
    "hex":"#936d73"
  },
  {
    "pms":"7640",
    "hex":"#934054"
  },
  {
    "pms":"7641",
    "hex":"#8e2c48"
  },
  {
    "pms":"7642",
    "hex":"#732e4a"
  },
  {
    "pms":"7643",
    "hex":"#672e45"
  },
  {
    "pms":"7644",
    "hex":"#582d40"
  },
  {
    "pms":"7645",
    "hex":"#502b3a"
  },
  {
    "pms":"223",
    "hex":"#ef95cf"
  },
  {
    "pms":"224",
    "hex":"#eb6fbd"
  },
  {
    "pms":"225",
    "hex":"#df1995"
  },
  {
    "pms":"226",
    "hex":"#d0006f"
  },
  {
    "pms":"227",
    "hex":"#aa0061"
  },
  {
    "pms":"228",
    "hex":"#890c58"
  },
  {
    "pms":"229",
    "hex":"#672146"
  },
  {
    "pms":"230",
    "hex":"#f4a6d7"
  },
  {
    "pms":"231",
    "hex":"#f277c6"
  },
  {
    "pms":"232",
    "hex":"#e93cac"
  },
  {
    "pms":"233",
    "hex":"#c6007e"
  },
  {
    "pms":"234",
    "hex":"#a20067"
  },
  {
    "pms":"235",
    "hex":"#840b55"
  },
  {
    "pms":"670",
    "hex":"#ead3e2"
  },
  {
    "pms":"671",
    "hex":"#e6bcd8"
  },
  {
    "pms":"672",
    "hex":"#dfa0c9"
  },
  {
    "pms":"673",
    "hex":"#d986ba"
  },
  {
    "pms":"674",
    "hex":"#c6579a"
  },
  {
    "pms":"675",
    "hex":"#ae2573"
  },
  {
    "pms":"676",
    "hex":"#960051"
  },
  {
    "pms":"677",
    "hex":"#e5cedb"
  },
  {
    "pms":"678",
    "hex":"#e3c8d8"
  },
  {
    "pms":"679",
    "hex":"#debed2"
  },
  {
    "pms":"680",
    "hex":"#c996b6"
  },
  {
    "pms":"681",
    "hex":"#b06c96"
  },
  {
    "pms":"682",
    "hex":"#994878"
  },
  {
    "pms":"683",
    "hex":"#7c2855"
  },
  {
    "pms":"684",
    "hex":"#e4c6d4"
  },
  {
    "pms":"685",
    "hex":"#dcb6c9"
  },
  {
    "pms":"686",
    "hex":"#d0a1ba"
  },
  {
    "pms":"687",
    "hex":"#be84a3"
  },
  {
    "pms":"688",
    "hex":"#a76389"
  },
  {
    "pms":"689",
    "hex":"#893b67"
  },
  {
    "pms":"690",
    "hex":"#612141"
  },
  {
    "pms":"510",
    "hex":"#ebbecb"
  },
  {
    "pms":"509",
    "hex":"#e8b3c3"
  },
  {
    "pms":"508",
    "hex":"#e4a9bb"
  },
  {
    "pms":"507",
    "hex":"#d592aa"
  },
  {
    "pms":"506",
    "hex":"#84344e"
  },
  {
    "pms":"505",
    "hex":"#6f2c3f"
  },
  {
    "pms":"504",
    "hex":"#572932"
  },
  {
    "pms":"7429",
    "hex":"#e2bccb"
  },
  {
    "pms":"7430",
    "hex":"#dca9bf"
  },
  {
    "pms":"7431",
    "hex":"#c9809e"
  },
  {
    "pms":"7432",
    "hex":"#b55c80"
  },
  {
    "pms":"7433",
    "hex":"#a73a64"
  },
  {
    "pms":"7434",
    "hex":"#9b3259"
  },
  {
    "pms":"7435",
    "hex":"#872651"
  },
  {
    "pms":"691",
    "hex":"#e9cdd0"
  },
  {
    "pms":"692",
    "hex":"#e4bec3"
  },
  {
    "pms":"693",
    "hex":"#d7a3ab"
  },
  {
    "pms":"694",
    "hex":"#c48490"
  },
  {
    "pms":"695",
    "hex":"#b46b7a"
  },
  {
    "pms":"696",
    "hex":"#984856"
  },
  {
    "pms":"697",
    "hex":"#893c47"
  },
  {
    "pms":"496",
    "hex":"#f2c6cf"
  },
  {
    "pms":"495",
    "hex":"#f1bdc8"
  },
  {
    "pms":"494",
    "hex":"#e9a2b2"
  },
  {
    "pms":"493",
    "hex":"#dc8699"
  },
  {
    "pms":"492",
    "hex":"#8f3237"
  },
  {
    "pms":"491",
    "hex":"#7f3035"
  },
  {
    "pms":"490",
    "hex":"#5d2a2c"
  },
  {
    "pms":"503",
    "hex":"#e9c4c7"
  },
  {
    "pms":"502",
    "hex":"#e5bac1"
  },
  {
    "pms":"501",
    "hex":"#daa5ad"
  },
  {
    "pms":"500",
    "hex":"#c6858f"
  },
  {
    "pms":"499",
    "hex":"#7a3e3a"
  },
  {
    "pms":"498",
    "hex":"#6a3735"
  },
  {
    "pms":"497",
    "hex":"#512f2e"
  },
  {
    "pms":"5035",
    "hex":"#dfc2c3"
  },
  {
    "pms":"5025",
    "hex":"#dbb7bb"
  },
  {
    "pms":"5015",
    "hex":"#cca1a6"
  },
  {
    "pms":"5005",
    "hex":"#b07c83"
  },
  {
    "pms":"4995",
    "hex":"#9c6169"
  },
  {
    "pms":"4985",
    "hex":"#874b52"
  },
  {
    "pms":"4975",
    "hex":"#3f2021"
  },
  {
    "pms":"236",
    "hex":"#f1a7dc"
  },
  {
    "pms":"237",
    "hex":"#ec86d0"
  },
  {
    "pms":"238",
    "hex":"#e45dbf"
  },
  {
    "pms":"239",
    "hex":"#db3eb1"
  },
  {
    "pms":"240",
    "hex":"#c5299b"
  },
  {
    "pms":"241",
    "hex":"#af1685"
  },
  {
    "pms":"242",
    "hex":"#80225f"
  },
  {
    "pms":"2365",
    "hex":"#efbae1"
  },
  {
    "pms":"2375",
    "hex":"#e277cd"
  },
  {
    "pms":"2385",
    "hex":"#d539b5"
  },
  {
    "pms":"2395",
    "hex":"#c800a1"
  },
  {
    "pms":"2405",
    "hex":"#b0008e"
  },
  {
    "pms":"2415",
    "hex":"#9e007e"
  },
  {
    "pms":"2425",
    "hex":"#830065"
  },
  {
    "pms":"243",
    "hex":"#eab8e4"
  },
  {
    "pms":"244",
    "hex":"#e59bdc"
  },
  {
    "pms":"245",
    "hex":"#dd7fd3"
  },
  {
    "pms":"246",
    "hex":"#c724b1"
  },
  {
    "pms":"247",
    "hex":"#bb16a3"
  },
  {
    "pms":"248",
    "hex":"#a51890"
  },
  {
    "pms":"249",
    "hex":"#80276c"
  },
  {
    "pms":"7646",
    "hex":"#a56e87"
  },
  {
    "pms":"7647",
    "hex":"#a83d72"
  },
  {
    "pms":"7648",
    "hex":"#991e66"
  },
  {
    "pms":"7649",
    "hex":"#8a1b61"
  },
  {
    "pms":"7650",
    "hex":"#722257"
  },
  {
    "pms":"7651",
    "hex":"#6a2a5b"
  },
  {
    "pms":"7652",
    "hex":"#5e2751"
  },
  {
    "pms":"250",
    "hex":"#e7bae4"
  },
  {
    "pms":"251",
    "hex":"#dd9cdf"
  },
  {
    "pms":"252",
    "hex":"#c964cf"
  },
  {
    "pms":"253",
    "hex":"#ad1aac"
  },
  {
    "pms":"254",
    "hex":"#981d97"
  },
  {
    "pms":"255",
    "hex":"#72246c"
  },
  {
    "pms":"517",
    "hex":"#ebc6df"
  },
  {
    "pms":"516",
    "hex":"#e6bedd"
  },
  {
    "pms":"515",
    "hex":"#e2acd7"
  },
  {
    "pms":"514",
    "hex":"#d48bc8"
  },
  {
    "pms":"513",
    "hex":"#93328e"
  },
  {
    "pms":"512",
    "hex":"#833177"
  },
  {
    "pms":"511",
    "hex":"#612c51"
  },
  {
    "pms":"7436",
    "hex":"#eedaea"
  },
  {
    "pms":"7437",
    "hex":"#ccaed0"
  },
  {
    "pms":"7438",
    "hex":"#d59ed7"
  },
  {
    "pms":"7439",
    "hex":"#b288b9"
  },
  {
    "pms":"7440",
    "hex":"#a277a6"
  },
  {
    "pms":"7441",
    "hex":"#9f5cc0"
  },
  {
    "pms":"7442",
    "hex":"#963cbd"
  },
  {
    "pms":"2562",
    "hex":"#d7a9e3"
  },
  {
    "pms":"2572",
    "hex":"#c98bdb"
  },
  {
    "pms":"2582",
    "hex":"#ac4fc6"
  },
  {
    "pms":"2592",
    "hex":"#9b26b6"
  },
  {
    "pms":"2602",
    "hex":"#87189d"
  },
  {
    "pms":"2612",
    "hex":"#772583"
  },
  {
    "pms":"2622",
    "hex":"#653165"
  },
  {
    "pms":"7653",
    "hex":"#948794"
  },
  {
    "pms":"7654",
    "hex":"#a2789c"
  },
  {
    "pms":"7655",
    "hex":"#a15a95"
  },
  {
    "pms":"7656",
    "hex":"#8e3a80"
  },
  {
    "pms":"7657",
    "hex":"#6e2b62"
  },
  {
    "pms":"7658",
    "hex":"#6a3460"
  },
  {
    "pms":"7659",
    "hex":"#5d3754"
  },
  {
    "pms":"524",
    "hex":"#d5c2d8"
  },
  {
    "pms":"523",
    "hex":"#c9b1d0"
  },
  {
    "pms":"522",
    "hex":"#ba9cc5"
  },
  {
    "pms":"521",
    "hex":"#a57fb2"
  },
  {
    "pms":"520",
    "hex":"#642f6c"
  },
  {
    "pms":"519",
    "hex":"#59315f"
  },
  {
    "pms":"518",
    "hex":"#4b3048"
  },
  {
    "pms":"5245",
    "hex":"#dbcdd3"
  },
  {
    "pms":"5235",
    "hex":"#d0bec7"
  },
  {
    "pms":"5225",
    "hex":"#c6b0bc"
  },
  {
    "pms":"5215",
    "hex":"#af95a6"
  },
  {
    "pms":"5205",
    "hex":"#86647a"
  },
  {
    "pms":"5195",
    "hex":"#66435a"
  },
  {
    "pms":"5185",
    "hex":"#4a3041"
  },
  {
    "pms":"5175",
    "hex":"#d8c8d1"
  },
  {
    "pms":"5165",
    "hex":"#d3c0cd"
  },
  {
    "pms":"5155",
    "hex":"#bfa5b8"
  },
  {
    "pms":"5145",
    "hex":"#9b7793"
  },
  {
    "pms":"5135",
    "hex":"#7e5475"
  },
  {
    "pms":"5125",
    "hex":"#693c5e"
  },
  {
    "pms":"5115",
    "hex":"#512a44"
  },
  {
    "pms":"531",
    "hex":"#dfc8e7"
  },
  {
    "pms":"530",
    "hex":"#d7b9e4"
  },
  {
    "pms":"529",
    "hex":"#caa2dd"
  },
  {
    "pms":"528",
    "hex":"#b580d1"
  },
  {
    "pms":"527",
    "hex":"#8031a7"
  },
  {
    "pms":"526",
    "hex":"#702f8a"
  },
  {
    "pms":"525",
    "hex":"#572c5f"
  },
  {
    "pms":"256",
    "hex":"#d6bfdd"
  },
  {
    "pms":"257",
    "hex":"#c6a1cf"
  },
  {
    "pms":"258",
    "hex":"#8c4799"
  },
  {
    "pms":"259",
    "hex":"#6d2077"
  },
  {
    "pms":"260",
    "hex":"#642667"
  },
  {
    "pms":"261",
    "hex":"#5d285f"
  },
  {
    "pms":"262",
    "hex":"#51284f"
  },
  {
    "pms":"2563",
    "hex":"#cba3d8"
  },
  {
    "pms":"2573",
    "hex":"#b884cb"
  },
  {
    "pms":"2583",
    "hex":"#a05eb5"
  },
  {
    "pms":"2593",
    "hex":"#84329b"
  },
  {
    "pms":"2603",
    "hex":"#702082"
  },
  {
    "pms":"2613",
    "hex":"#671e75"
  },
  {
    "pms":"2623",
    "hex":"#5f2167"
  },
  {
    "pms":"7660",
    "hex":"#9991a4"
  },
  {
    "pms":"7661",
    "hex":"#8d6e97"
  },
  {
    "pms":"7662",
    "hex":"#7a4183"
  },
  {
    "pms":"7663",
    "hex":"#6b3077"
  },
  {
    "pms":"7664",
    "hex":"#653279"
  },
  {
    "pms":"7665",
    "hex":"#5e366e"
  },
  {
    "pms":"7666",
    "hex":"#5c4e63"
  },
  {
    "pms":"2567",
    "hex":"#c1a0da"
  },
  {
    "pms":"2577",
    "hex":"#a77bca"
  },
  {
    "pms":"2587",
    "hex":"#8246af"
  },
  {
    "pms":"2597",
    "hex":"#5c068c"
  },
  {
    "pms":"2607",
    "hex":"#500778"
  },
  {
    "pms":"2617",
    "hex":"#470a68"
  },
  {
    "pms":"2627",
    "hex":"#3c1053"
  },
  {
    "pms":"263",
    "hex":"#d7c6e6"
  },
  {
    "pms":"264",
    "hex":"#c1a7e2"
  },
  {
    "pms":"265",
    "hex":"#9063cd"
  },
  {
    "pms":"266",
    "hex":"#753bbd"
  },
  {
    "pms":"267",
    "hex":"#5f259f"
  },
  {
    "pms":"268",
    "hex":"#582c83"
  },
  {
    "pms":"269",
    "hex":"#512d6d"
  },
  {
    "pms":"2635",
    "hex":"#c5b4e3"
  },
  {
    "pms":"2645",
    "hex":"#ad96dc"
  },
  {
    "pms":"2655",
    "hex":"#9678d3"
  },
  {
    "pms":"2665",
    "hex":"#7d55c7"
  },
  {
    "pms":"2685",
    "hex":"#330072"
  },
  {
    "pms":"2695",
    "hex":"#2e1a47"
  },
  {
    "pms":"270",
    "hex":"#b4b5df"
  },
  {
    "pms":"271",
    "hex":"#9595d2"
  },
  {
    "pms":"272",
    "hex":"#7474c1"
  },
  {
    "pms":"273",
    "hex":"#24135f"
  },
  {
    "pms":"274",
    "hex":"#211551"
  },
  {
    "pms":"275",
    "hex":"#201747"
  },
  {
    "pms":"276",
    "hex":"#221c35"
  },
  {
    "pms":"2705",
    "hex":"#a7a4e0"
  },
  {
    "pms":"2715",
    "hex":"#8b84d7"
  },
  {
    "pms":"2725",
    "hex":"#685bc7"
  },
  {
    "pms":"2735",
    "hex":"#2e008b"
  },
  {
    "pms":"2745",
    "hex":"#280071"
  },
  {
    "pms":"2755",
    "hex":"#250e62"
  },
  {
    "pms":"2765",
    "hex":"#201547"
  },
  {
    "pms":"7667",
    "hex":"#6e7ca0"
  },
  {
    "pms":"7668",
    "hex":"#686e9f"
  },
  {
    "pms":"7669",
    "hex":"#615e9b"
  },
  {
    "pms":"7670",
    "hex":"#565294"
  },
  {
    "pms":"7671",
    "hex":"#514689"
  },
  {
    "pms":"7672",
    "hex":"#4c4184"
  },
  {
    "pms":"7673",
    "hex":"#535486"
  },
  {
    "pms":"7443",
    "hex":"#dddae8"
  },
  {
    "pms":"7444",
    "hex":"#b6b8dc"
  },
  {
    "pms":"7445",
    "hex":"#a7a2c3"
  },
  {
    "pms":"7446",
    "hex":"#8986ca"
  },
  {
    "pms":"7447",
    "hex":"#5d4777"
  },
  {
    "pms":"7448",
    "hex":"#4b384c"
  },
  {
    "pms":"7449",
    "hex":"#41273b"
  },
  {
    "pms":"7674",
    "hex":"#878cb4"
  },
  {
    "pms":"7675",
    "hex":"#7c7fab"
  },
  {
    "pms":"7676",
    "hex":"#7566a0"
  },
  {
    "pms":"7677",
    "hex":"#6f5091"
  },
  {
    "pms":"7678",
    "hex":"#68478d"
  },
  {
    "pms":"7679",
    "hex":"#563d82"
  },
  {
    "pms":"7680",
    "hex":"#523178"
  },
  {
    "pms":"663",
    "hex":"#e5e1e6"
  },
  {
    "pms":"664",
    "hex":"#e0dbe3"
  },
  {
    "pms":"665",
    "hex":"#c6bcd0"
  },
  {
    "pms":"666",
    "hex":"#a192b2"
  },
  {
    "pms":"667",
    "hex":"#7c6992"
  },
  {
    "pms":"668",
    "hex":"#614b79"
  },
  {
    "pms":"669",
    "hex":"#3f2a56"
  },
  {
    "pms":"5315",
    "hex":"#d8d7df"
  },
  {
    "pms":"5305",
    "hex":"#c6c4d2"
  },
  {
    "pms":"5295",
    "hex":"#b3b0c4"
  },
  {
    "pms":"5285",
    "hex":"#8d89a5"
  },
  {
    "pms":"5275",
    "hex":"#595478"
  },
  {
    "pms":"5265",
    "hex":"#403a60"
  },
  {
    "pms":"5255",
    "hex":"#1e1a34"
  },
  {
    "pms":"538",
    "hex":"#c5cfda"
  },
  {
    "pms":"537",
    "hex":"#bbc7d6"
  },
  {
    "pms":"536",
    "hex":"#a2b2c8"
  },
  {
    "pms":"535",
    "hex":"#8e9fbc"
  },
  {
    "pms":"534",
    "hex":"#1b365d"
  },
  {
    "pms":"533",
    "hex":"#1f2a44"
  },
  {
    "pms":"532",
    "hex":"#1c1f2a"
  },
  {
    "pms":"7541",
    "hex":"#d9e1e2"
  },
  {
    "pms":"7542",
    "hex":"#a4bcc2"
  },
  {
    "pms":"7543",
    "hex":"#98a4ae"
  },
  {
    "pms":"7544",
    "hex":"#768692"
  },
  {
    "pms":"7545",
    "hex":"#425563"
  },
  {
    "pms":"7546",
    "hex":"#253746"
  },
  {
    "pms":"7547",
    "hex":"#131e29"
  },
  {
    "pms":"552",
    "hex":"#b9d3dc"
  },
  {
    "pms":"551",
    "hex":"#a3c7d2"
  },
  {
    "pms":"550",
    "hex":"#8db9ca"
  },
  {
    "pms":"549",
    "hex":"#6ba4b8"
  },
  {
    "pms":"548",
    "hex":"#003d4c"
  },
  {
    "pms":"547",
    "hex":"#00313c"
  },
  {
    "pms":"546",
    "hex":"#072b31"
  },
  {
    "pms":"5455",
    "hex":"#bfced6"
  },
  {
    "pms":"5445",
    "hex":"#b7c9d3"
  },
  {
    "pms":"5435",
    "hex":"#a6bbc8"
  },
  {
    "pms":"5425",
    "hex":"#7a99ac"
  },
  {
    "pms":"5415",
    "hex":"#5b7f95"
  },
  {
    "pms":"5405",
    "hex":"#4f758b"
  },
  {
    "pms":"5395",
    "hex":"#081f2c"
  },
  {
    "pms":"642",
    "hex":"#d1dde6"
  },
  {
    "pms":"643",
    "hex":"#c6d6e3"
  },
  {
    "pms":"644",
    "hex":"#9bb8d3"
  },
  {
    "pms":"645",
    "hex":"#7da1c4"
  },
  {
    "pms":"646",
    "hex":"#5e8ab4"
  },
  {
    "pms":"647",
    "hex":"#236192"
  },
  {
    "pms":"648",
    "hex":"#002e5d"
  },
  {
    "pms":"649",
    "hex":"#dbe2e9"
  },
  {
    "pms":"650",
    "hex":"#ced9e5"
  },
  {
    "pms":"651",
    "hex":"#a7bcd6"
  },
  {
    "pms":"652",
    "hex":"#7d9bc1"
  },
  {
    "pms":"653",
    "hex":"#326295"
  },
  {
    "pms":"654",
    "hex":"#003a70"
  },
  {
    "pms":"655",
    "hex":"#002554"
  },
  {
    "pms":"656",
    "hex":"#dde5ed"
  },
  {
    "pms":"657",
    "hex":"#c8d8eb"
  },
  {
    "pms":"658",
    "hex":"#b1c9e8"
  },
  {
    "pms":"659",
    "hex":"#7ba4db"
  },
  {
    "pms":"660",
    "hex":"#407ec9"
  },
  {
    "pms":"661",
    "hex":"#003594"
  },
  {
    "pms":"662",
    "hex":"#001a70"
  },
  {
    "pms":"7450",
    "hex":"#bdc5db"
  },
  {
    "pms":"7451",
    "hex":"#89abe3"
  },
  {
    "pms":"7452",
    "hex":"#8094dd"
  },
  {
    "pms":"7453",
    "hex":"#7ba6de"
  },
  {
    "pms":"7454",
    "hex":"#5f8fb4"
  },
  {
    "pms":"7455",
    "hex":"#3a5dae"
  },
  {
    "pms":"7456",
    "hex":"#606eb2"
  },
  {
    "pms":"2706",
    "hex":"#cbd3eb"
  },
  {
    "pms":"2716",
    "hex":"#9faee5"
  },
  {
    "pms":"2726",
    "hex":"#485cc7"
  },
  {
    "pms":"2736",
    "hex":"#1e22aa"
  },
  {
    "pms":"2746",
    "hex":"#171c8f"
  },
  {
    "pms":"2756",
    "hex":"#151f6d"
  },
  {
    "pms":"2766",
    "hex":"#141b4d"
  },
  {
    "pms":"2708",
    "hex":"#b8ccea"
  },
  {
    "pms":"2718",
    "hex":"#5c88da"
  },
  {
    "pms":"2728",
    "hex":"#0047bb"
  },
  {
    "pms":"2738",
    "hex":"#06038d"
  },
  {
    "pms":"2748",
    "hex":"#001871"
  },
  {
    "pms":"2758",
    "hex":"#001e62"
  },
  {
    "pms":"2768",
    "hex":"#071d49"
  },
  {
    "pms":"2707",
    "hex":"#c3d7ee"
  },
  {
    "pms":"2717",
    "hex":"#a7c6ed"
  },
  {
    "pms":"2727",
    "hex":"#307fe2"
  },
  {
    "pms":"2747",
    "hex":"#001a72"
  },
  {
    "pms":"2757",
    "hex":"#001e60"
  },
  {
    "pms":"2767",
    "hex":"#13294b"
  },
  {
    "pms":"277",
    "hex":"#abcae9"
  },
  {
    "pms":"278",
    "hex":"#8bb8e8"
  },
  {
    "pms":"279",
    "hex":"#418fde"
  },
  {
    "pms":"280",
    "hex":"#012169"
  },
  {
    "pms":"281",
    "hex":"#00205b"
  },
  {
    "pms":"282",
    "hex":"#041e42"
  },
  {
    "pms":"283",
    "hex":"#92c1e9"
  },
  {
    "pms":"284",
    "hex":"#6cace4"
  },
  {
    "pms":"285",
    "hex":"#0072ce"
  },
  {
    "pms":"286",
    "hex":"#0033a0"
  },
  {
    "pms":"287",
    "hex":"#003087"
  },
  {
    "pms":"288",
    "hex":"#002d72"
  },
  {
    "pms":"289",
    "hex":"#0c2340"
  },
  {
    "pms":"7681",
    "hex":"#94a9cb"
  },
  {
    "pms":"7682",
    "hex":"#6787b7"
  },
  {
    "pms":"7683",
    "hex":"#426da9"
  },
  {
    "pms":"7684",
    "hex":"#385e9d"
  },
  {
    "pms":"7685",
    "hex":"#2c5697"
  },
  {
    "pms":"7686",
    "hex":"#1d4f91"
  },
  {
    "pms":"7687",
    "hex":"#1d428a"
  },
  {
    "pms":"545",
    "hex":"#c6dae7"
  },
  {
    "pms":"544",
    "hex":"#bdd6e6"
  },
  {
    "pms":"543",
    "hex":"#a4c8e1"
  },
  {
    "pms":"542",
    "hex":"#7bafd4"
  },
  {
    "pms":"541",
    "hex":"#003c71"
  },
  {
    "pms":"540",
    "hex":"#003057"
  },
  {
    "pms":"539",
    "hex":"#00263a"
  },
  {
    "pms":"290",
    "hex":"#b9d9eb"
  },
  {
    "pms":"291",
    "hex":"#9bcbeb"
  },
  {
    "pms":"292",
    "hex":"#69b3e7"
  },
  {
    "pms":"293",
    "hex":"#003da5"
  },
  {
    "pms":"294",
    "hex":"#002f6c"
  },
  {
    "pms":"295",
    "hex":"#002855"
  },
  {
    "pms":"296",
    "hex":"#041c2c"
  },
  {
    "pms":"2905",
    "hex":"#8dc8e8"
  },
  {
    "pms":"2915",
    "hex":"#62b5e5"
  },
  {
    "pms":"2925",
    "hex":"#009cde"
  },
  {
    "pms":"2935",
    "hex":"#0057b8"
  },
  {
    "pms":"2945",
    "hex":"#004c97"
  },
  {
    "pms":"2955",
    "hex":"#003865"
  },
  {
    "pms":"2965",
    "hex":"#00263e"
  },
  {
    "pms":"297",
    "hex":"#71c5e8"
  },
  {
    "pms":"298",
    "hex":"#41b6e6"
  },
  {
    "pms":"299",
    "hex":"#00a3e0"
  },
  {
    "pms":"300",
    "hex":"#005eb8"
  },
  {
    "pms":"301",
    "hex":"#004b87"
  },
  {
    "pms":"302",
    "hex":"#003b5c"
  },
  {
    "pms":"303",
    "hex":"#002a3a"
  },
  {
    "pms":"7688",
    "hex":"#4698cb"
  },
  {
    "pms":"7689",
    "hex":"#298fc2"
  },
  {
    "pms":"7690",
    "hex":"#0076a8"
  },
  {
    "pms":"7691",
    "hex":"#006298"
  },
  {
    "pms":"7692",
    "hex":"#005587"
  },
  {
    "pms":"7693",
    "hex":"#004976"
  },
  {
    "pms":"7694",
    "hex":"#01426a"
  },
  {
    "pms":"2975",
    "hex":"#99d6ea"
  },
  {
    "pms":"2985",
    "hex":"#5bc2e7"
  },
  {
    "pms":"2995",
    "hex":"#00a9e0"
  },
  {
    "pms":"3005",
    "hex":"#0077c8"
  },
  {
    "pms":"3015",
    "hex":"#00629b"
  },
  {
    "pms":"3025",
    "hex":"#004f71"
  },
  {
    "pms":"3035",
    "hex":"#003e51"
  },
  {
    "pms":"7695",
    "hex":"#7ba7bc"
  },
  {
    "pms":"7696",
    "hex":"#6399ae"
  },
  {
    "pms":"7697",
    "hex":"#4e87a0"
  },
  {
    "pms":"7698",
    "hex":"#41748d"
  },
  {
    "pms":"7699",
    "hex":"#34657f"
  },
  {
    "pms":"7700",
    "hex":"#165c7d"
  },
  {
    "pms":"7701",
    "hex":"#005776"
  },
  {
    "pms":"7457",
    "hex":"#bbdde6"
  },
  {
    "pms":"7458",
    "hex":"#71b2c9"
  },
  {
    "pms":"7459",
    "hex":"#4298b5"
  },
  {
    "pms":"7460",
    "hex":"#0086bf"
  },
  {
    "pms":"7461",
    "hex":"#007dba"
  },
  {
    "pms":"7462",
    "hex":"#00558c"
  },
  {
    "pms":"7463",
    "hex":"#002b49"
  },
  {
    "pms":"304",
    "hex":"#9adbe8"
  },
  {
    "pms":"305",
    "hex":"#59cbe8"
  },
  {
    "pms":"306",
    "hex":"#00b5e2"
  },
  {
    "pms":"307",
    "hex":"#006ba6"
  },
  {
    "pms":"308",
    "hex":"#00587c"
  },
  {
    "pms":"309",
    "hex":"#003b49"
  },
  {
    "pms":"635",
    "hex":"#a4dbe8"
  },
  {
    "pms":"636",
    "hex":"#8bd3e6"
  },
  {
    "pms":"637",
    "hex":"#4ec3e0"
  },
  {
    "pms":"638",
    "hex":"#00afd7"
  },
  {
    "pms":"639",
    "hex":"#0095c8"
  },
  {
    "pms":"640",
    "hex":"#0082ba"
  },
  {
    "pms":"641",
    "hex":"#0067a0"
  },
  {
    "pms":"7702",
    "hex":"#48a9c5"
  },
  {
    "pms":"7703",
    "hex":"#009cbd"
  },
  {
    "pms":"7704",
    "hex":"#0085ad"
  },
  {
    "pms":"7705",
    "hex":"#007096"
  },
  {
    "pms":"7706",
    "hex":"#006a8e"
  },
  {
    "pms":"7707",
    "hex":"#00617f"
  },
  {
    "pms":"7708",
    "hex":"#005670"
  },
  {
    "pms":"628",
    "hex":"#b8dde1"
  },
  {
    "pms":"629",
    "hex":"#9bd3dd"
  },
  {
    "pms":"630",
    "hex":"#77c5d5"
  },
  {
    "pms":"631",
    "hex":"#3eb1c8"
  },
  {
    "pms":"632",
    "hex":"#0093b2"
  },
  {
    "pms":"633",
    "hex":"#007396"
  },
  {
    "pms":"634",
    "hex":"#005f83"
  },
  {
    "pms":"310",
    "hex":"#6ad1e3"
  },
  {
    "pms":"311",
    "hex":"#05c3de"
  },
  {
    "pms":"312",
    "hex":"#00a9ce"
  },
  {
    "pms":"313",
    "hex":"#0092bc"
  },
  {
    "pms":"314",
    "hex":"#007fa3"
  },
  {
    "pms":"315",
    "hex":"#00677f"
  },
  {
    "pms":"316",
    "hex":"#004851"
  },
  {
    "pms":"3105",
    "hex":"#68d2df"
  },
  {
    "pms":"3115",
    "hex":"#00c1d5"
  },
  {
    "pms":"3125",
    "hex":"#00aec7"
  },
  {
    "pms":"3135",
    "hex":"#008eaa"
  },
  {
    "pms":"3145",
    "hex":"#00778b"
  },
  {
    "pms":"3155",
    "hex":"#006272"
  },
  {
    "pms":"3165",
    "hex":"#004f59"
  },
  {
    "pms":"7709",
    "hex":"#63b1bc"
  },
  {
    "pms":"7710",
    "hex":"#00a7b5"
  },
  {
    "pms":"7711",
    "hex":"#0097a9"
  },
  {
    "pms":"7712",
    "hex":"#00859b"
  },
  {
    "pms":"7713",
    "hex":"#007d8a"
  },
  {
    "pms":"7714",
    "hex":"#007680"
  },
  {
    "pms":"7715",
    "hex":"#006269"
  },
  {
    "pms":"317",
    "hex":"#b1e4e3"
  },
  {
    "pms":"318",
    "hex":"#88dbdf"
  },
  {
    "pms":"319",
    "hex":"#2dccd3"
  },
  {
    "pms":"320",
    "hex":"#009ca6"
  },
  {
    "pms":"321",
    "hex":"#008c95"
  },
  {
    "pms":"322",
    "hex":"#007377"
  },
  {
    "pms":"323",
    "hex":"#005f61"
  },
  {
    "pms":"7464",
    "hex":"#a0d1ca"
  },
  {
    "pms":"7465",
    "hex":"#40c1ac"
  },
  {
    "pms":"7466",
    "hex":"#00b0b9"
  },
  {
    "pms":"7467",
    "hex":"#00a3ad"
  },
  {
    "pms":"7468",
    "hex":"#007398"
  },
  {
    "pms":"7469",
    "hex":"#005f86"
  },
  {
    "pms":"7470",
    "hex":"#005a70"
  },
  {
    "pms":"7471",
    "hex":"#7eddd3"
  },
  {
    "pms":"7472",
    "hex":"#5cb8b2"
  },
  {
    "pms":"7473",
    "hex":"#279989"
  },
  {
    "pms":"7474",
    "hex":"#007681"
  },
  {
    "pms":"7475",
    "hex":"#487a7b"
  },
  {
    "pms":"7476",
    "hex":"#0d5257"
  },
  {
    "pms":"7477",
    "hex":"#244c5a"
  },
  {
    "pms":"5523",
    "hex":"#b6cfd0"
  },
  {
    "pms":"5513",
    "hex":"#abc7ca"
  },
  {
    "pms":"5503",
    "hex":"#94b7bb"
  },
  {
    "pms":"5493",
    "hex":"#7fa9ae"
  },
  {
    "pms":"5483",
    "hex":"#4f868e"
  },
  {
    "pms":"5473",
    "hex":"#115e67"
  },
  {
    "pms":"5463",
    "hex":"#07272d"
  },
  {
    "pms":"7716",
    "hex":"#00968f"
  },
  {
    "pms":"7717",
    "hex":"#00857d"
  },
  {
    "pms":"7718",
    "hex":"#007672"
  },
  {
    "pms":"7719",
    "hex":"#006d68"
  },
  {
    "pms":"7720",
    "hex":"#00635b"
  },
  {
    "pms":"7721",
    "hex":"#005e5d"
  },
  {
    "pms":"7722",
    "hex":"#005151"
  },
  {
    "pms":"324",
    "hex":"#9cdbd9"
  },
  {
    "pms":"325",
    "hex":"#64ccc9"
  },
  {
    "pms":"326",
    "hex":"#00b2a9"
  },
  {
    "pms":"327",
    "hex":"#008675"
  },
  {
    "pms":"328",
    "hex":"#007367"
  },
  {
    "pms":"329",
    "hex":"#00685e"
  },
  {
    "pms":"330",
    "hex":"#00534c"
  },
  {
    "pms":"3242",
    "hex":"#71dbd4"
  },
  {
    "pms":"3252",
    "hex":"#2ad2c9"
  },
  {
    "pms":"3262",
    "hex":"#00bfb3"
  },
  {
    "pms":"3272",
    "hex":"#00a499"
  },
  {
    "pms":"3282",
    "hex":"#008578"
  },
  {
    "pms":"3292",
    "hex":"#00594f"
  },
  {
    "pms":"3302",
    "hex":"#004c45"
  },
  {
    "pms":"3245",
    "hex":"#7ce0d3"
  },
  {
    "pms":"3255",
    "hex":"#2cd5c4"
  },
  {
    "pms":"3265",
    "hex":"#00c7b1"
  },
  {
    "pms":"3275",
    "hex":"#00b398"
  },
  {
    "pms":"3285",
    "hex":"#009681"
  },
  {
    "pms":"3295",
    "hex":"#007864"
  },
  {
    "pms":"3305",
    "hex":"#004e42"
  },
  {
    "pms":"3248",
    "hex":"#6dcdb8"
  },
  {
    "pms":"3258",
    "hex":"#49c5b1"
  },
  {
    "pms":"3268",
    "hex":"#00ab8e"
  },
  {
    "pms":"3278",
    "hex":"#009b77"
  },
  {
    "pms":"3288",
    "hex":"#008264"
  },
  {
    "pms":"3298",
    "hex":"#006a52"
  },
  {
    "pms":"3308",
    "hex":"#034638"
  },
  {
    "pms":"566",
    "hex":"#b9dcd2"
  },
  {
    "pms":"565",
    "hex":"#a1d6ca"
  },
  {
    "pms":"564",
    "hex":"#86c8bc"
  },
  {
    "pms":"563",
    "hex":"#6bbbae"
  },
  {
    "pms":"562",
    "hex":"#006f62"
  },
  {
    "pms":"561",
    "hex":"#00594c"
  },
  {
    "pms":"560",
    "hex":"#1d3c34"
  },
  {
    "pms":"573",
    "hex":"#b5e3d8"
  },
  {
    "pms":"572",
    "hex":"#a5dfd3"
  },
  {
    "pms":"571",
    "hex":"#98dbce"
  },
  {
    "pms":"570",
    "hex":"#6bcaba"
  },
  {
    "pms":"569",
    "hex":"#00816d"
  },
  {
    "pms":"568",
    "hex":"#006c5b"
  },
  {
    "pms":"567",
    "hex":"#173f35"
  },
  {
    "pms":"559",
    "hex":"#adcab8"
  },
  {
    "pms":"558",
    "hex":"#9abeaa"
  },
  {
    "pms":"557",
    "hex":"#85b09a"
  },
  {
    "pms":"556",
    "hex":"#6fa287"
  },
  {
    "pms":"555",
    "hex":"#28724f"
  },
  {
    "pms":"554",
    "hex":"#205c40"
  },
  {
    "pms":"553",
    "hex":"#284734"
  },
  {
    "pms":"5595",
    "hex":"#bfcec2"
  },
  {
    "pms":"5585",
    "hex":"#a7bdb1"
  },
  {
    "pms":"5575",
    "hex":"#92aca0"
  },
  {
    "pms":"5565",
    "hex":"#7f9c90"
  },
  {
    "pms":"5555",
    "hex":"#5c7f71"
  },
  {
    "pms":"5545",
    "hex":"#43695b"
  },
  {
    "pms":"5535",
    "hex":"#183028"
  },
  {
    "pms":"5665",
    "hex":"#bac5b9"
  },
  {
    "pms":"5655",
    "hex":"#b0bdb0"
  },
  {
    "pms":"5645",
    "hex":"#a3b2a4"
  },
  {
    "pms":"5635",
    "hex":"#94a596"
  },
  {
    "pms":"5625",
    "hex":"#708573"
  },
  {
    "pms":"5615",
    "hex":"#5e7461"
  },
  {
    "pms":"5605",
    "hex":"#22372b"
  },
  {
    "pms":"5527",
    "hex":"#bcc9c5"
  },
  {
    "pms":"5517",
    "hex":"#b1c0bc"
  },
  {
    "pms":"5507",
    "hex":"#9db0ac"
  },
  {
    "pms":"5497",
    "hex":"#829995"
  },
  {
    "pms":"5487",
    "hex":"#5d7975"
  },
  {
    "pms":"5477",
    "hex":"#3e5d58"
  },
  {
    "pms":"5467",
    "hex":"#18332f"
  },
  {
    "pms":"621",
    "hex":"#d1e0d7"
  },
  {
    "pms":"622",
    "hex":"#b7cdc2"
  },
  {
    "pms":"623",
    "hex":"#9ab9ad"
  },
  {
    "pms":"624",
    "hex":"#789f90"
  },
  {
    "pms":"625",
    "hex":"#507f70"
  },
  {
    "pms":"626",
    "hex":"#285c4d"
  },
  {
    "pms":"627",
    "hex":"#13322b"
  },
  {
    "pms":"331",
    "hex":"#a7e6d7"
  },
  {
    "pms":"332",
    "hex":"#8ce2d0"
  },
  {
    "pms":"333",
    "hex":"#3cdbc0"
  },
  {
    "pms":"334",
    "hex":"#009775"
  },
  {
    "pms":"335",
    "hex":"#007b5f"
  },
  {
    "pms":"336",
    "hex":"#00664f"
  },
  {
    "pms":"337",
    "hex":"#8fd6bd"
  },
  {
    "pms":"338",
    "hex":"#6eceb2"
  },
  {
    "pms":"339",
    "hex":"#00b388"
  },
  {
    "pms":"340",
    "hex":"#00965e"
  },
  {
    "pms":"341",
    "hex":"#007a53"
  },
  {
    "pms":"342",
    "hex":"#006747"
  },
  {
    "pms":"343",
    "hex":"#115740"
  },
  {
    "pms":"7723",
    "hex":"#50a684"
  },
  {
    "pms":"7724",
    "hex":"#00966c"
  },
  {
    "pms":"7725",
    "hex":"#008755"
  },
  {
    "pms":"7726",
    "hex":"#007b4b"
  },
  {
    "pms":"7727",
    "hex":"#006f44"
  },
  {
    "pms":"7728",
    "hex":"#006845"
  },
  {
    "pms":"7729",
    "hex":"#005844"
  },
  {
    "pms":"3375",
    "hex":"#7ae1bf"
  },
  {
    "pms":"3385",
    "hex":"#47d7ac"
  },
  {
    "pms":"3395",
    "hex":"#00c389"
  },
  {
    "pms":"3405",
    "hex":"#00af66"
  },
  {
    "pms":"3415",
    "hex":"#007749"
  },
  {
    "pms":"3425",
    "hex":"#006341"
  },
  {
    "pms":"3435",
    "hex":"#154734"
  },
  {
    "pms":"344",
    "hex":"#a0dab3"
  },
  {
    "pms":"345",
    "hex":"#91d6ac"
  },
  {
    "pms":"346",
    "hex":"#71cc98"
  },
  {
    "pms":"347",
    "hex":"#009a44"
  },
  {
    "pms":"348",
    "hex":"#00843d"
  },
  {
    "pms":"349",
    "hex":"#046a38"
  },
  {
    "pms":"350",
    "hex":"#2c5234"
  },
  {
    "pms":"351",
    "hex":"#a2e4b8"
  },
  {
    "pms":"352",
    "hex":"#8fe2b0"
  },
  {
    "pms":"353",
    "hex":"#80e0a7"
  },
  {
    "pms":"354",
    "hex":"#00b140"
  },
  {
    "pms":"355",
    "hex":"#009639"
  },
  {
    "pms":"356",
    "hex":"#007a33"
  },
  {
    "pms":"357",
    "hex":"#215732"
  },
  {
    "pms":"7478",
    "hex":"#9be3bf"
  },
  {
    "pms":"7479",
    "hex":"#26d07c"
  },
  {
    "pms":"7480",
    "hex":"#00bf6f"
  },
  {
    "pms":"7481",
    "hex":"#00b74f"
  },
  {
    "pms":"7482",
    "hex":"#009f4d"
  },
  {
    "pms":"7483",
    "hex":"#275d38"
  },
  {
    "pms":"7484",
    "hex":"#00573f"
  },
  {
    "pms":"7730",
    "hex":"#4b9560"
  },
  {
    "pms":"7731",
    "hex":"#228848"
  },
  {
    "pms":"7732",
    "hex":"#007a3e"
  },
  {
    "pms":"7733",
    "hex":"#007041"
  },
  {
    "pms":"7734",
    "hex":"#286140"
  },
  {
    "pms":"7735",
    "hex":"#36573b"
  },
  {
    "pms":"7736",
    "hex":"#395542"
  },
  {
    "pms":"7737",
    "hex":"#6ba539"
  },
  {
    "pms":"7738",
    "hex":"#48a23f"
  },
  {
    "pms":"7739",
    "hex":"#319b42"
  },
  {
    "pms":"7740",
    "hex":"#3a913f"
  },
  {
    "pms":"7741",
    "hex":"#44883e"
  },
  {
    "pms":"7742",
    "hex":"#4a773c"
  },
  {
    "pms":"7743",
    "hex":"#44693d"
  },
  {
    "pms":"358",
    "hex":"#addc91"
  },
  {
    "pms":"359",
    "hex":"#a1d884"
  },
  {
    "pms":"360",
    "hex":"#6cc24a"
  },
  {
    "pms":"361",
    "hex":"#43b02a"
  },
  {
    "pms":"362",
    "hex":"#509e2f"
  },
  {
    "pms":"363",
    "hex":"#4c8c2b"
  },
  {
    "pms":"364",
    "hex":"#4a7729"
  },
  {
    "pms":"7485",
    "hex":"#d0debb"
  },
  {
    "pms":"7486",
    "hex":"#bce194"
  },
  {
    "pms":"7487",
    "hex":"#8edd65"
  },
  {
    "pms":"7488",
    "hex":"#78d64b"
  },
  {
    "pms":"7489",
    "hex":"#74aa50"
  },
  {
    "pms":"7490",
    "hex":"#719949"
  },
  {
    "pms":"7491",
    "hex":"#79863c"
  },
  {
    "pms":"365",
    "hex":"#c2e189"
  },
  {
    "pms":"366",
    "hex":"#b7dd79"
  },
  {
    "pms":"367",
    "hex":"#a4d65e"
  },
  {
    "pms":"368",
    "hex":"#78be20"
  },
  {
    "pms":"369",
    "hex":"#64a70b"
  },
  {
    "pms":"370",
    "hex":"#658d1b"
  },
  {
    "pms":"371",
    "hex":"#546223"
  },
  {
    "pms":"372",
    "hex":"#d4eb8e"
  },
  {
    "pms":"373",
    "hex":"#cdea80"
  },
  {
    "pms":"374",
    "hex":"#c5e86c"
  },
  {
    "pms":"375",
    "hex":"#97d700"
  },
  {
    "pms":"376",
    "hex":"#84bd00"
  },
  {
    "pms":"377",
    "hex":"#7a9a01"
  },
  {
    "pms":"378",
    "hex":"#59621d"
  },
  {
    "pms":"580",
    "hex":"#c4d6a4"
  },
  {
    "pms":"579",
    "hex":"#bcd19b"
  },
  {
    "pms":"578",
    "hex":"#b7ce95"
  },
  {
    "pms":"577",
    "hex":"#a9c47f"
  },
  {
    "pms":"576",
    "hex":"#789d4a"
  },
  {
    "pms":"575",
    "hex":"#67823a"
  },
  {
    "pms":"574",
    "hex":"#4e5b31"
  },
  {
    "pms":"5807",
    "hex":"#d0d1ab"
  },
  {
    "pms":"5797",
    "hex":"#c6c89b"
  },
  {
    "pms":"5787",
    "hex":"#babd8b"
  },
  {
    "pms":"5777",
    "hex":"#a2a569"
  },
  {
    "pms":"5767",
    "hex":"#8a8d4a"
  },
  {
    "pms":"5757",
    "hex":"#6d712e"
  },
  {
    "pms":"5747",
    "hex":"#3d441e"
  },
  {
    "pms":"5875",
    "hex":"#d2ce9e"
  },
  {
    "pms":"5865",
    "hex":"#cbc793"
  },
  {
    "pms":"5855",
    "hex":"#c0bb87"
  },
  {
    "pms":"5845",
    "hex":"#afa96e"
  },
  {
    "pms":"5835",
    "hex":"#a09958"
  },
  {
    "pms":"5825",
    "hex":"#89813d"
  },
  {
    "pms":"5815",
    "hex":"#555025"
  },
  {
    "pms":"5803",
    "hex":"#c3c6a8"
  },
  {
    "pms":"5793",
    "hex":"#b3b995"
  },
  {
    "pms":"5783",
    "hex":"#a3aa83"
  },
  {
    "pms":"5773",
    "hex":"#899064"
  },
  {
    "pms":"5763",
    "hex":"#737b4c"
  },
  {
    "pms":"5753",
    "hex":"#5e6738"
  },
  {
    "pms":"5743",
    "hex":"#3e4827"
  },
  {
    "pms":"7492",
    "hex":"#bfcc80"
  },
  {
    "pms":"7493",
    "hex":"#bbc592"
  },
  {
    "pms":"7494",
    "hex":"#9caf88"
  },
  {
    "pms":"7495",
    "hex":"#8f993e"
  },
  {
    "pms":"7496",
    "hex":"#76881d"
  },
  {
    "pms":"7497",
    "hex":"#7a7256"
  },
  {
    "pms":"7498",
    "hex":"#5b6236"
  },
  {
    "pms":"7744",
    "hex":"#babc16"
  },
  {
    "pms":"7745",
    "hex":"#abad23"
  },
  {
    "pms":"7746",
    "hex":"#999b30"
  },
  {
    "pms":"7747",
    "hex":"#888d30"
  },
  {
    "pms":"7748",
    "hex":"#7c8034"
  },
  {
    "pms":"7749",
    "hex":"#727337"
  },
  {
    "pms":"7750",
    "hex":"#656635"
  },
  {
    "pms":"379",
    "hex":"#e2e868"
  },
  {
    "pms":"380",
    "hex":"#dbe442"
  },
  {
    "pms":"381",
    "hex":"#cedc00"
  },
  {
    "pms":"382",
    "hex":"#c4d600"
  },
  {
    "pms":"383",
    "hex":"#a8ad00"
  },
  {
    "pms":"384",
    "hex":"#949300"
  },
  {
    "pms":"385",
    "hex":"#787121"
  },
  {
    "pms":"386",
    "hex":"#e9ec6b"
  },
  {
    "pms":"387",
    "hex":"#e3e935"
  },
  {
    "pms":"388",
    "hex":"#e0e721"
  },
  {
    "pms":"389",
    "hex":"#d0df00"
  },
  {
    "pms":"390",
    "hex":"#b5bd00"
  },
  {
    "pms":"391",
    "hex":"#9a9500"
  },
  {
    "pms":"392",
    "hex":"#827a04"
  },
  {
    "pms":"587",
    "hex":"#e3e48d"
  },
  {
    "pms":"586",
    "hex":"#e0e27c"
  },
  {
    "pms":"585",
    "hex":"#dbde70"
  },
  {
    "pms":"584",
    "hex":"#d2d755"
  },
  {
    "pms":"583",
    "hex":"#b7bf10"
  },
  {
    "pms":"582",
    "hex":"#8e8c13"
  },
  {
    "pms":"581",
    "hex":"#625d20"
  },
  {
    "pms":"393",
    "hex":"#f0ec74"
  },
  {
    "pms":"394",
    "hex":"#ede939"
  },
  {
    "pms":"395",
    "hex":"#ece81a"
  },
  {
    "pms":"396",
    "hex":"#e1e000"
  },
  {
    "pms":"397",
    "hex":"#bfb800"
  },
  {
    "pms":"398",
    "hex":"#ada400"
  },
  {
    "pms":"399",
    "hex":"#a09200"
  },
  {
    "pms":"3935",
    "hex":"#f3ea5d"
  },
  {
    "pms":"3945",
    "hex":"#f3e500"
  },
  {
    "pms":"3955",
    "hex":"#efdf00"
  },
  {
    "pms":"3965",
    "hex":"#eedc00"
  },
  {
    "pms":"3975",
    "hex":"#bba600"
  },
  {
    "pms":"3985",
    "hex":"#9a8700"
  },
  {
    "pms":"3995",
    "hex":"#685c20"
  },
  {
    "pms":"600",
    "hex":"#f1eb9c"
  },
  {
    "pms":"601",
    "hex":"#f0e991"
  },
  {
    "pms":"602",
    "hex":"#f0e87b"
  },
  {
    "pms":"603",
    "hex":"#ede04b"
  },
  {
    "pms":"604",
    "hex":"#eada24"
  },
  {
    "pms":"605",
    "hex":"#e1cd00"
  },
  {
    "pms":"606",
    "hex":"#cfb500"
  },
  {
    "pms":"607",
    "hex":"#ebe49a"
  },
  {
    "pms":"608",
    "hex":"#e9e186"
  },
  {
    "pms":"609",
    "hex":"#e6de77"
  },
  {
    "pms":"610",
    "hex":"#e1d555"
  },
  {
    "pms":"611",
    "hex":"#d7c826"
  },
  {
    "pms":"612",
    "hex":"#c4b000"
  },
  {
    "pms":"613",
    "hex":"#b39b00"
  },
  {
    "pms":"461",
    "hex":"#e9df97"
  },
  {
    "pms":"460",
    "hex":"#e4d77e"
  },
  {
    "pms":"459",
    "hex":"#decd63"
  },
  {
    "pms":"458",
    "hex":"#d9c756"
  },
  {
    "pms":"457",
    "hex":"#b89d18"
  },
  {
    "pms":"456",
    "hex":"#a28e2a"
  },
  {
    "pms":"455",
    "hex":"#695b24"
  },
  {
    "pms":"614",
    "hex":"#dcd59a"
  },
  {
    "pms":"615",
    "hex":"#d6cf8d"
  },
  {
    "pms":"616",
    "hex":"#d0c883"
  },
  {
    "pms":"617",
    "hex":"#c0b561"
  },
  {
    "pms":"618",
    "hex":"#ac9f3c"
  },
  {
    "pms":"619",
    "hex":"#9f912a"
  },
  {
    "pms":"620",
    "hex":"#8a7b19"
  },
  {
    "pms":"7751",
    "hex":"#cab64b"
  },
  {
    "pms":"7752",
    "hex":"#cfb023"
  },
  {
    "pms":"7753",
    "hex":"#c1a01e"
  },
  {
    "pms":"7754",
    "hex":"#a08629"
  },
  {
    "pms":"7755",
    "hex":"#897630"
  },
  {
    "pms":"7756",
    "hex":"#736635"
  },
  {
    "pms":"7757",
    "hex":"#675e33"
  },
  {
    "pms":"7758",
    "hex":"#d4c304"
  },
  {
    "pms":"7759",
    "hex":"#c4b200"
  },
  {
    "pms":"7760",
    "hex":"#91852c"
  },
  {
    "pms":"7761",
    "hex":"#747136"
  },
  {
    "pms":"7762",
    "hex":"#5d6439"
  },
  {
    "pms":"7763",
    "hex":"#585c3b"
  },
  {
    "pms":"7764",
    "hex":"#535435"
  },
  {
    "pms":"7765",
    "hex":"#bbb323"
  },
  {
    "pms":"7766",
    "hex":"#b4a91f"
  },
  {
    "pms":"7767",
    "hex":"#aa9d2e"
  },
  {
    "pms":"7768",
    "hex":"#8f7e35"
  },
  {
    "pms":"7769",
    "hex":"#716135"
  },
  {
    "pms":"7770",
    "hex":"#635939"
  },
  {
    "pms":"7771",
    "hex":"#4e4934"
  },
  {
    "pms":"4545",
    "hex":"#d5cb9f"
  },
  {
    "pms":"4535",
    "hex":"#cfc493"
  },
  {
    "pms":"4525",
    "hex":"#c5b783"
  },
  {
    "pms":"4515",
    "hex":"#b3a369"
  },
  {
    "pms":"4505",
    "hex":"#998542"
  },
  {
    "pms":"4495",
    "hex":"#8c7732"
  },
  {
    "pms":"4485",
    "hex":"#614f25"
  },
  {
    "pms":"454",
    "hex":"#cac7a7"
  },
  {
    "pms":"453",
    "hex":"#bfbb98"
  },
  {
    "pms":"452",
    "hex":"#b0aa7e"
  },
  {
    "pms":"451",
    "hex":"#9b945f"
  },
  {
    "pms":"450",
    "hex":"#594a25"
  },
  {
    "pms":"449",
    "hex":"#524727"
  },
  {
    "pms":"448",
    "hex":"#4a412a"
  },
  {
    "pms":"7499",
    "hex":"#f1e6b2"
  },
  {
    "pms":"7500",
    "hex":"#dfd1a7"
  },
  {
    "pms":"7501",
    "hex":"#d9c89e"
  },
  {
    "pms":"7502",
    "hex":"#ceb888"
  },
  {
    "pms":"7503",
    "hex":"#a89968"
  },
  {
    "pms":"7504",
    "hex":"#94795d"
  },
  {
    "pms":"7505",
    "hex":"#816040"
  },
  {
    "pms":"468",
    "hex":"#ddcba4"
  },
  {
    "pms":"467",
    "hex":"#d3bc8d"
  },
  {
    "pms":"466",
    "hex":"#c6aa76"
  },
  {
    "pms":"465",
    "hex":"#b9975b"
  },
  {
    "pms":"464",
    "hex":"#8b5b29"
  },
  {
    "pms":"463",
    "hex":"#744f28"
  },
  {
    "pms":"462",
    "hex":"#5c462b"
  },
  {
    "pms":"7506",
    "hex":"#efdbb2"
  },
  {
    "pms":"7507",
    "hex":"#fcd299"
  },
  {
    "pms":"7508",
    "hex":"#e1b87f"
  },
  {
    "pms":"7509",
    "hex":"#d6a461"
  },
  {
    "pms":"7510",
    "hex":"#c6893f"
  },
  {
    "pms":"7511",
    "hex":"#b77729"
  },
  {
    "pms":"7512",
    "hex":"#a6631b"
  },
  {
    "pms":"719",
    "hex":"#edc8a3"
  },
  {
    "pms":"720",
    "hex":"#e7b78a"
  },
  {
    "pms":"721",
    "hex":"#dda46f"
  },
  {
    "pms":"722",
    "hex":"#c88242"
  },
  {
    "pms":"723",
    "hex":"#b36924"
  },
  {
    "pms":"724",
    "hex":"#934d11"
  },
  {
    "pms":"725",
    "hex":"#7d3f16"
  },
  {
    "pms":"475",
    "hex":"#f3cfb3"
  },
  {
    "pms":"474",
    "hex":"#f1c6a7"
  },
  {
    "pms":"473",
    "hex":"#f0bf9b"
  },
  {
    "pms":"472",
    "hex":"#e59e6d"
  },
  {
    "pms":"471",
    "hex":"#b86125"
  },
  {
    "pms":"470",
    "hex":"#a45a2a"
  },
  {
    "pms":"469",
    "hex":"#693f23"
  },
  {
    "pms":"726",
    "hex":"#e0c09f"
  },
  {
    "pms":"727",
    "hex":"#d9b48f"
  },
  {
    "pms":"728",
    "hex":"#cda077"
  },
  {
    "pms":"729",
    "hex":"#b58150"
  },
  {
    "pms":"730",
    "hex":"#9e652e"
  },
  {
    "pms":"731",
    "hex":"#774212"
  },
  {
    "pms":"732",
    "hex":"#623412"
  },
  {
    "pms":"4685",
    "hex":"#e0c6ad"
  },
  {
    "pms":"4675",
    "hex":"#dcbfa6"
  },
  {
    "pms":"4665",
    "hex":"#cda788"
  },
  {
    "pms":"4655",
    "hex":"#bf9474"
  },
  {
    "pms":"4645",
    "hex":"#ad7c59"
  },
  {
    "pms":"4635",
    "hex":"#946037"
  },
  {
    "pms":"4625",
    "hex":"#4f2c1d"
  },
  {
    "pms":"7513",
    "hex":"#e1b7a7"
  },
  {
    "pms":"7514",
    "hex":"#d5a286"
  },
  {
    "pms":"7515",
    "hex":"#c58b68"
  },
  {
    "pms":"7516",
    "hex":"#99552b"
  },
  {
    "pms":"7517",
    "hex":"#85431e"
  },
  {
    "pms":"7518",
    "hex":"#6d4f47"
  },
  {
    "pms":"7519",
    "hex":"#5e4b3c"
  },
  {
    "pms":"4755",
    "hex":"#d7c4b7"
  },
  {
    "pms":"4745",
    "hex":"#cdb5a7"
  },
  {
    "pms":"4735",
    "hex":"#c0a392"
  },
  {
    "pms":"4725",
    "hex":"#ae8a79"
  },
  {
    "pms":"4715",
    "hex":"#956c58"
  },
  {
    "pms":"4705",
    "hex":"#7c4d3a"
  },
  {
    "pms":"4695",
    "hex":"#5b3427"
  },
  {
    "pms":"482",
    "hex":"#dbc8b6"
  },
  {
    "pms":"481",
    "hex":"#d3bba8"
  },
  {
    "pms":"480",
    "hex":"#c6a992"
  },
  {
    "pms":"479",
    "hex":"#aa8066"
  },
  {
    "pms":"478",
    "hex":"#703f2a"
  },
  {
    "pms":"477",
    "hex":"#623b2a"
  },
  {
    "pms":"476",
    "hex":"#4e3629"
  },
  {
    "pms":"7527",
    "hex":"#d6d2c4"
  },
  {
    "pms":"7528",
    "hex":"#c5b9ac"
  },
  {
    "pms":"7529",
    "hex":"#b7a99a"
  },
  {
    "pms":"7530",
    "hex":"#a39382"
  },
  {
    "pms":"7531",
    "hex":"#7a6855"
  },
  {
    "pms":"7532",
    "hex":"#63513d"
  },
  {
    "pms":"7533",
    "hex":"#473729"
  },
  {
    "pms":"7534",
    "hex":"#d1ccbd"
  },
  {
    "pms":"7535",
    "hex":"#b7b09c"
  },
  {
    "pms":"7536",
    "hex":"#a69f88"
  },
  {
    "pms":"7537",
    "hex":"#a7aca2"
  },
  {
    "pms":"7538",
    "hex":"#949a90"
  },
  {
    "pms":"7539",
    "hex":"#8e9089"
  },
  {
    "pms":"7540",
    "hex":"#4b4f54"
  },
  {
    "pms":"427",
    "hex":"#d0d3d4"
  },
  {
    "pms":"428",
    "hex":"#c1c6c8"
  },
  {
    "pms":"429",
    "hex":"#a2aaad"
  },
  {
    "pms":"430",
    "hex":"#7c878e"
  },
  {
    "pms":"431",
    "hex":"#5b6770"
  },
  {
    "pms":"432",
    "hex":"#333f48"
  },
  {
    "pms":"433",
    "hex":"#1d252d"
  },
  {
    "pms":"420",
    "hex":"#c7c9c7"
  },
  {
    "pms":"421",
    "hex":"#b2b4b2"
  },
  {
    "pms":"422",
    "hex":"#9ea2a2"
  },
  {
    "pms":"423",
    "hex":"#898d8d"
  },
  {
    "pms":"424",
    "hex":"#707372"
  },
  {
    "pms":"425",
    "hex":"#54585a"
  },
  {
    "pms":"426",
    "hex":"#25282a"
  },
  {
    "pms":"441",
    "hex":"#bec6c4"
  },
  {
    "pms":"442",
    "hex":"#a2acab"
  },
  {
    "pms":"443",
    "hex":"#919d9d"
  },
  {
    "pms":"444",
    "hex":"#717c7d"
  },
  {
    "pms":"445",
    "hex":"#505759"
  },
  {
    "pms":"446",
    "hex":"#3f4444"
  },
  {
    "pms":"447",
    "hex":"#373a36"
  },
  {
    "pms":"413",
    "hex":"#babbb1"
  },
  {
    "pms":"414",
    "hex":"#a8a99e"
  },
  {
    "pms":"415",
    "hex":"#919388"
  },
  {
    "pms":"416",
    "hex":"#7e7f74"
  },
  {
    "pms":"417",
    "hex":"#65665c"
  },
  {
    "pms":"418",
    "hex":"#51534a"
  },
  {
    "pms":"419",
    "hex":"#212322"
  },
  {
    "pms":"400",
    "hex":"#c4bfb6"
  },
  {
    "pms":"401",
    "hex":"#afa9a0"
  },
  {
    "pms":"402",
    "hex":"#9d968d"
  },
  {
    "pms":"403",
    "hex":"#8c857b"
  },
  {
    "pms":"404",
    "hex":"#776e64"
  },
  {
    "pms":"405",
    "hex":"#696158"
  },
  {
    "pms":"406",
    "hex":"#c4bcb7"
  },
  {
    "pms":"407",
    "hex":"#b2a8a2"
  },
  {
    "pms":"408",
    "hex":"#978c87"
  },
  {
    "pms":"409",
    "hex":"#857874"
  },
  {
    "pms":"410",
    "hex":"#746661"
  },
  {
    "pms":"411",
    "hex":"#5e514d"
  },
  {
    "pms":"412",
    "hex":"#382f2d"
  },
  {
    "pms":"434",
    "hex":"#d0c4c5"
  },
  {
    "pms":"435",
    "hex":"#c1b2b6"
  },
  {
    "pms":"436",
    "hex":"#ab989d"
  },
  {
    "pms":"437",
    "hex":"#7b6469"
  },
  {
    "pms":"438",
    "hex":"#584446"
  },
  {
    "pms":"439",
    "hex":"#453536"
  },
  {
    "pms":"440",
    "hex":"#382e2c"
  },
  {
    "pms":"warm gray 1",
    "hex":"#d7d2cb"
  },
  {
    "pms":"warm gray 2",
    "hex":"#cbc4bc"
  },
  {
    "pms":"warm gray 3",
    "hex":"#bfb8af"
  },
  {
    "pms":"warm gray 4",
    "hex":"#b6ada5"
  },
  {
    "pms":"warm gray 5",
    "hex":"#aca39a"
  },
  {
    "pms":"warm gray 6",
    "hex":"#a59c94"
  },
  {
    "pms":"warm gray 7",
    "hex":"#968c83"
  },
  {
    "pms":"warm gray 8",
    "hex":"#8c8279"
  },
  {
    "pms":"warm gray 9",
    "hex":"#83786f"
  },
  {
    "pms":"warm gray 10",
    "hex":"#796e65"
  },
  {
    "pms":"warm gray 11",
    "hex":"#6e6259"
  },
  {
    "pms":"cool gray 1",
    "hex":"#d9d9d6"
  },
  {
    "pms":"cool gray 2",
    "hex":"#d0d0ce"
  },
  {
    "pms":"cool gray 3",
    "hex":"#c8c9c7"
  },
  {
    "pms":"cool gray 4",
    "hex":"#bbbcbc"
  },
  {
    "pms":"cool gray 5",
    "hex":"#b1b3b3"
  },
  {
    "pms":"cool gray 6",
    "hex":"#a7a8aa"
  },
  {
    "pms":"cool gray 7",
    "hex":"#97999b"
  },
  {
    "pms":"cool gray 8",
    "hex":"#888b8d"
  },
  {
    "pms":"cool gray 9",
    "hex":"#75787b"
  },
  {
    "pms":"cool gray 10",
    "hex":"#63666a"
  },
  {
    "pms":"cool gray 11",
    "hex":"#53565a"
  },
  {
    "pms":"black 2",
    "hex":"#332f21"
  },
  {
    "pms":"black 3",
    "hex":"#212721"
  },
  {
    "pms":"black 4",
    "hex":"#31261d"
  },
  {
    "pms":"black 5",
    "hex":"#3e2b2e"
  },
  {
    "pms":"black 6",
    "hex":"#101820"
  },
  {
    "pms":"black 7",
    "hex":"#3d3935"
  },
  {
    "pms":"yellow",
    "hex":"#fedd00"
  },
  {
    "pms":"yellow 012",
    "hex":"#ffd700"
  },
  {
    "pms":"orange 021",
    "hex":"#fe5000"
  },
  {
    "pms":"warm red",
    "hex":"#f9423a"
  },
  {
    "pms":"red 032",
    "hex":"#ef3340"
  },
  {
    "pms":"rubine red",
    "hex":"#ce0058"
  },
  {
    "pms":"rhodamine red",
    "hex":"#e10098"
  },
  {
    "pms":"purple",
    "hex":"#bb29bb"
  },
  {
    "pms":"violet",
    "hex":"#440099"
  },
  {
    "pms":"blue 072",
    "hex":"#10069f"
  },
  {
    "pms":"reflex blue",
    "hex":"#001489"
  },
  {
    "pms":"process blue",
    "hex":"#0085ca"
  },
  {
    "pms":"green",
    "hex":"#00ab84"
  },
  {
    "pms":"black",
    "hex":"#2d2926"
  },
  {
    "pms":"yellow 0131",
    "hex":"#f2f0a1"
  },
  {
    "pms":"red 0331",
    "hex":"#fcaebb"
  },
  {
    "pms":"magenta 0521",
    "hex":"#f1b2dc"
  },
  {
    "pms":"violet 0631",
    "hex":"#bf9bde"
  },
  {
    "pms":"blue 0821",
    "hex":"#74d1ea"
  },
  {
    "pms":"green 0921",
    "hex":"#9de7d7"
  },
  {
    "pms":"black 0961",
    "hex":"#9e978e"
  },
  {
    "pms":"801",
    "hex":"#009ace"
  },
  {
    "pms":"802",
    "hex":"#44d62c"
  },
  {
    "pms":"803",
    "hex":"#ffe900"
  },
  {
    "pms":"804",
    "hex":"#ffaa4d"
  },
  {
    "pms":"805",
    "hex":"#ff7276"
  },
  {
    "pms":"806",
    "hex":"#ff3eb5"
  },
  {
    "pms":"807",
    "hex":"#ea27c2"
  },
  {
    "pms":"871",
    "hex":"#84754e"
  },
  {
    "pms":"872",
    "hex":"#85714d"
  },
  {
    "pms":"873",
    "hex":"#866d4b"
  },
  {
    "pms":"874",
    "hex":"#8b6f4e"
  },
  {
    "pms":"875",
    "hex":"#87674f"
  },
  {
    "pms":"876",
    "hex":"#8b634b"
  },
  {
    "pms":"877",
    "hex":"#8a8d8f"
  },
  {
    "pms":"medium yellow",
    "hex":"#ffd900"
  },
  {
    "pms":"bright orange",
    "hex":"#ff5e00"
  },
  {
    "pms":"bright red",
    "hex":"#f93822"
  },
  {
    "pms":"strong red",
    "hex":"#ce0056"
  },
  {
    "pms":"pink",
    "hex":"#d62598"
  },
  {
    "pms":"medium purple",
    "hex":"#4e008e"
  },
  {
    "pms":"dark blue",
    "hex":"#00239c"
  },
  {
    "pms":"medium blue",
    "hex":"#0084ca"
  },
  {
    "pms":"bright green",
    "hex":"#00b08b"
  },
  {
    "pms":"neutral black",
    "hex":"#222223"
  },
  {
    "pms":"silver 10077 c",
    "hex":"#a8a9ad"
  },
  {
    "pms":"10142",
    "hex":"#c8c9ca"
  },
  {
    "pms":"10158",
    "hex":"#b8bdc2"
  },
  {
    "pms":"10214",
    "hex":"#d4d6d7"
  },
  {
    "pms":"8721",
    "hex":"#8f6c3d"
  },
  {
    "pms":"8722",
    "hex":"#7d5f37"
  },
  {
    "pms":"878 c",
    "hex":"#af9a84"
  },
  {
    "pms":"879 c",
    "hex":"#73593a"
  },
  {
    "pms":"neon yellow",
    "hex":"#e0e722"
  },
  {
    "pms":"neon green",
    "hex":"#44d62c"
  },
  {
    "pms":"neon orange",
    "hex":"#ffad00"
  },
  {
    "pms":"neon red",
    "hex":"#d22730"
  },
  {
    "pms":"neon pink",
    "hex":"#ff00cc"
  },
  {
    "pms":"neon blue",
    "hex":"#4d4dff"
  },
  {
    "pms":"neon purple",
    "hex":"#c724b1"
  },
  {
    "pms":"electric blue",
    "hex":"#0099ff"
  },
  {
    "pms":"electric green",
    "hex":"#00ff33"
  },
  {
    "pms":"electric yellow",
    "hex":"#ffff33"
  },
  {
    "pms":"bright white",
    "hex":"#ffffff"
  },
  {
    "pms":"ultra white",
    "hex":"#fefefe"
  },
  {
    "pms":"platinum",
    "hex":"#e5e4e2"
  },
  {
    "pms":"light silver",
    "hex":"#d3d3d3"
  },
  {
    "pms":"pale silver",
    "hex":"#c9c0bb"
  },
  {
    "pms":"metallic silver",
    "hex":"#bfc1c2"
  },
  {
    "pms":"metallic gold",
    "hex":"#d4af37"
  },
  {
    "pms":"rose gold",
    "hex":"#e8b4b8"
  },
  {
    "pms":"copper",
    "hex":"#b87333"
  },
  {
    "pms":"bronze",
    "hex":"#cd7f32"
  },
  {
    "pms":"champagne",
    "hex":"#f7e7ce"
  },
  {
    "pms":"pastel blue",
    "hex":"#a8e6cf"
  },
  {
    "pms":"pastel pink",
    "hex":"#ffb3ba"
  },
  {
    "pms":"pastel green",
    "hex":"#bae1b3"
  },
  {
    "pms":"pastel yellow",
    "hex":"#fff3cd"
  },
  {
    "pms":"pastel purple",
    "hex":"#d4b5f9"
  },
  {
    "pms":"pastel orange",
    "hex":"#ffcc99"
  },
  {
    "pms":"mint green",
    "hex":"#98fb98"
  },
  {
    "pms":"lavender",
    "hex":"#e6e6fa"
  },
  {
    "pms":"baby blue",
    "hex":"#89cff0"
  },
  {
    "pms":"powder blue",
    "hex":"#b0e0e6"
  },
  {
    "pms":"pale pink",
    "hex":"#fadadd"
  },
  {
    "pms":"blush",
    "hex":"#de5d83"
  },
  {
    "pms":"seafoam",
    "hex":"#93e9be"
  },
  {
    "pms":"sage green",
    "hex":"#9caf88"
  },
  {
    "pms":"dusty rose",
    "hex":"#dcae96"
  },
  {
    "pms":"periwinkle",
    "hex":"#ccccff"
  },
  {
    "pms":"peach fuzz",
    "hex":"#ffbe98"
  },
  {
    "pms":"coral pink",
    "hex":"#f88379"
  },
  {
    "pms":"sky blue",
    "hex":"#87ceeb"
  },
  {
    "pms":"sunshine yellow",
    "hex":"#fffd37"
  },
  {
    "pms":"lime green",
    "hex":"#32cd32"
  },
  {
    "pms":"hot pink",
    "hex":"#ff69b4"
  },
  {
    "pms":"turquoise",
    "hex":"#40e0d0"
  },
  {
    "pms":"aqua blue",
    "hex":"#00ffff"
  },
  {
    "pms":"emerald green",
    "hex":"#50c878"
  },
  {
    "pms":"ruby red",
    "hex":"#9b111e"
  },
  {
    "pms":"sapphire blue",
    "hex":"#0f52ba"
  },
  {
    "pms":"amethyst",
    "hex":"#9966cc"
  },
  {
    "pms":"citrine",
    "hex":"#e4d00a"
  },
  {
    "pms":"topaz",
    "hex":"#ffc87c"
  },
  {
    "pms":"opal",
    "hex":"#a8c3bc"
  },
  {
    "pms":"pearl",
    "hex":"#fdeef4"
  },
  {
    "pms":"moonstone",
    "hex":"#3aa8c1"
  },
  {
    "pms":"jade",
    "hex":"#00a86b"
  },
  {
    "pms":"crystal",
    "hex":"#a7d8de"
  },
  {
    "pms":"diamond",
    "hex":"#b9f2ff"
  },
  {
    "pms":"starlight",
    "hex":"#f4f0ec"
  },
  {
    "pms":"moonbeam",
    "hex":"#f2f5a9"
  },
  {
    "pms":"aurora",
    "hex":"#da70d6"
  },
  {
    "pms":"cosmic blue",
    "hex":"#2e5894"
  },
  {
    "pms":"galaxy purple",
    "hex":"#6f2da8"
  },
  {
    "pms":"nebula pink",
    "hex":"#e4b7e5"
  },
  {
    "pms":"solar yellow",
    "hex":"#ffef00"
  },
  {
    "pms":"meteor gray",
    "hex":"#6c7b7f"
  },
  {
    "pms":"comet white",
    "hex":"#f8f8ff"
  },
  {
    "pms":"constellation",
    "hex":"#0d1b2a"
  }
]
